{
  "project_info": {
    "project_number": "910987204279",
    "project_id": "ecommerce-cec80",
    "storage_bucket": "ecommerce-cec80.appspot.com"
  },
  "client": [
    {
      "client_info": {
        "mobilesdk_app_id": "1:910987204279:android:0cb63ae0a146e2cc939f32",
        "android_client_info": {
          "package_name": "com.example.e_commerce"
        }
      },
      "oauth_client": [
        {
          "client_id": "910987204279-408p12act2mu4b3ki5co2d1bd09j7ah1.apps.googleusercontent.com",
          "client_type": 3
        }
      ],
      "api_key": [
        {
          "current_key": "AIzaSyDqbWrCdl2ZGxR95h5sX_fpJbQZ_oM63wc"
        }
      ],
      "services": {
        "appinvite_service": {
          "other_platform_oauth_client": [
            {
              "client_id": "910987204279-408p12act2mu4b3ki5co2d1bd09j7ah1.apps.googleusercontent.com",
              "client_type": 3
            }
          ]
        }
      }
    }
  ],
  "configuration_version": "1"
}